Workbook

Sheet Read me
A1: SLG AI Agents — AWS Run-Cost Calculator
A3: Worked example: Agent 01 — Resident Services / 311.
A5: WHAT THIS IS: a formula-driven estimate of the monthly AWS infrastructure cost to RUN the governed
A6: pattern (Bedrock, Guardrails, Lambda, Step Functions, DynamoDB, S3 Object Lock, CloudWatch, WAF,
A7: PrivateLink, API Gateway, Cognito, KMS) + AWS Support. It is the run-cost companion to the value-side
A8: ROI model in offerings/. It does NOT include the human reviewer / operations cost — see OPERATING-MODEL.md.
A10: HOW TO USE:
A11: 1. Open the 'Calculator' sheet. Change the BLUE cells (volumes) in the Pilot and Production columns.
A12: 2. The 'Rates' sheet holds current us-east-1 on-demand prices (fetched 2026-07-09) in BLUE cells —
A13: update any rate for your Region / negotiated pricing; cells marked VERIFY should be confirmed.
A14: 3. Totals recalculate automatically (this workbook forces a full recalc on open).
A16: DISCLAIMER: illustrative only, not a quote or guarantee. Prices change and vary by Region. Confirm every
... A20: Colour key: BLUE = input you change · BLACK = formula · GREEN = links to the Rates sheet.

Sheet Rates
A1: AWS on-demand rates (us-east-1) — edit for your Region / pricing
A3: Service / rate | B3: Value | C3: Unit | D3: Source (fetched 2026-07-09)
A4: Amazon Bedrock — input | B4: 0.003 | C4: $ / 1K input tokens | D4: Bedrock pricing (Claude Sonnet $3/1M), aws.amazon.com/bedrock/pricing, 2026-07-09
A5: Amazon Bedrock — output | B5: 0.015 | C5: $ / 1K output tokens | D5: Bedrock pricing (Claude Sonnet $15/1M), 2026-07-09
A6: Bedrock Guardrails | B6: 0.00075 | C6: $ / 1K text units | D6: VERIFY — varies by policy; placeholder ~$0.75/1M, 2026-07-09
A7: AWS Lambda — requests | B7: 0.2 | C7: $ / 1M requests | D7: aws.amazon.com/lambda/pricing, 2026-07-09
A8: AWS Lambda — compute (ARM) | B8: 1.33334e-05 | C8: $ / GB-second | D8: Lambda pricing (Graviton/ARM), 2026-07-09
A9: AWS Step Functions | B9: 0.025 | C9: $ / 1K state transitions | D9: Step Functions Standard, aws.amazon.com/step-functions/pricing, 2026-07-09
A10: DynamoDB — writes | B10: 1.25 | C10: $ / 1M WRU | D10: DynamoDB on-demand, aws.amazon.com/dynamodb/pricing, 2026-07-09
A11: DynamoDB — reads (eventual) | B11: 0.125 | C11: $ / 1M RRU | D11: DynamoDB on-demand eventual reads, 2026-07-09
A12: DynamoDB — storage | B12: 0.25 | C12: $ / GB-month | D12: DynamoDB Standard storage (25 GB free), 2026-07-09
A13: Amazon S3 — storage | B13: 0.023 | C13: $ / GB-month | D13: VERIFY — S3 Standard; Object Lock adds no charge, 2026-07-09
A14: CloudWatch — logs ingest | B14: 0.5 | C14: $ / GB | D14: CloudWatch Standard log class, aws.amazon.com/cloudwatch/pricing, 2026-07-09
A15: CloudWatch — custom metric | B15: 0.3 | C15: $ / metric-month | D15: First 10K custom metrics, 2026-07-09
... A27: KMS free requests | B27: 20000 | C27: requests / month | D27: always-free tier

Sheet Calculator
A1: SLG AI Agents — monthly AWS run-cost
A3: INPUTS — change the blue cells
C4: Pilot | D4: Production
A5: Agent invocations / month | C5: 10000 | D5: 200000
A6: Avg input tokens / call | C6: 4000 | D6: 4000
A7: Avg output tokens / call | C7: 1500 | D7: 1500
A8: Lambda calls / invocation (tools + steps) | C8: 12 | D8: 12
A9: Lambda GB-seconds / call | C9: 0.5 | D9: 0.5
A10: Step Functions transitions / invocation | C10: 8 | D10: 8
A11: DynamoDB write units / invocation | C11: 6 | D11: 6
A12: DynamoDB read units / invocation | C12: 4 | D12: 4
A13: DynamoDB storage (GB) | C13: 5 | D13: 50
A14: S3 audit storage — WORM (GB) | C14: 20 | D14: 500
A15: CloudWatch logs (GB / month) | C15: 20 | D15: 300
A16: CloudWatch custom metrics | C16: 20 | D16: 30
... A25: Support tier (% of AWS spend) | C25: 0.1 | D25: 0.1
A27: MONTHLY COST BY SERVICE
A28: Service | C28: Pilot | D28: Production
A29: Amazon Bedrock (inference) | C29: =C5*(C6/1000*Rates!$B$4+C7/1000*Rates!$B$5) | D29: =D5*(D6/1000*Rates!$B$4+D7/1000*Rates!$B$5)
A30: Bedrock Guardrails | C30: =C5*((C6+C7)/1000)*Rates!$B$6 | D30: =D5*((D6+D7)/1000)*Rates!$B$6
A31: API Gateway (HTTP) | C31: =C18/1000000*Rates!$B$19 | D31: =D18/1000000*Rates!$B$19
A32: AWS Lambda | C32: =C5*C8/1000000*Rates!$B$7+C5*C8*C9*Rates!$B$8 | D32: =D5*D8/1000000*Rates!$B$7+D5*D8*D9*Rates!$B$8
A33: AWS Step Functions | C33: =C5*C10*Rates!$B$9/1000 | D33: =D5*D10*Rates!$B$9/1000
A34: Amazon DynamoDB | C34: =C5*(C11*Rates!$B$10/1000000+C12*Rates!$B$11/1000000)+MAX(C13-Rates!$B$26,0)*Rates!$B$12 | D34: =D5*(D11*Rates!$B$10/1000000+D12*Rates!$B$11/1000000)+MAX(D13-Rates!$B$26,0)*Rates!$B$12
A35: Amazon S3 (audit WORM) | C35: =C14*Rates!$B$13 | D35: =D14*Rates!$B$13
A36: Amazon CloudWatch | C36: =C15*Rates!$B$14+C16*Rates!$B$15 | D36: =D15*Rates!$B$14+D16*Rates!$B$15
A37: AWS WAF | C37: =Rates!$B$16+C17*Rates!$B$17+C18/1000000*Rates!$B$18 | D37: =Rates!$B$16+D17*Rates!$B$17+D18/1000000*Rates!$B$18
A38: AWS PrivateLink | C38: =C19*C20*Rates!$B$25*Rates!$B$20+C21*Rates!$B$21 | D38: =D19*D20*Rates!$B$25*Rates!$B$20+D21*Rates!$B$21
A39: Amazon Cognito | C39: =C22*Rates!$B$22 | D39: =D22*Rates!$B$22
A40: AWS KMS | C40: =C23*Rates!$B$23+MAX(C24-Rates!$B$27,0)/10000*Rates!$B$24 | D40: =D23*Rates!$B$23+MAX(D24-Rates!$B$27,0)/10000*Rates!$B$24
A41: Subtotal — AWS services | C41: =SUM(C29:C40) | D41: =SUM(D29:D40)
A42: AWS Support (% of spend) | C42: =C41*C25 | D42: =D41*D25
A43: TOTAL monthly AWS run-cost | C43: =C41+C42 | D43: =D41+D42
A45: Not included: human reviewer / operations time (see OPERATING-MODEL.md), one-time SI professional services, and data-transfer beyond PrivateLink. Illustrative — verify at calculator.aws.
